 CST6CDT, 2022-10-05 22:42:27.210427-05
 Indian/Christmas, 2022-10-06 10:42:27.211358+07
 Indian/Maldives, 2022-10-06 08:42:27.212118+05
 Indian/Mauritius, 2022-10-06 07:42:27.21278+04
 Indian/Kerguelen, 2022-10-06 08:42:27.213538+05
 Indian/Cocos, 2022-10-06 10:12:27.214289+06:30
 Indian/Comoro, 2022-10-06 06:42:27.214991+03
 Indian/Mahe, 2022-10-06 07:42:27.215738+04
 Indian/Antananarivo, 2022-10-06 06:42:27.216576+03
 Indian/Chagos, 2022-10-06 09:42:27.217101+06
 Indian/Mayotte, 2022-10-06 06:42:27.217538+03
 Indian/Reunion, 2022-10-06 07:42:27.21798+04
 Jamaica, 2022-10-05 22:42:27.218422-05
 GB, 2022-10-06 04:42:27.218858+01
 EST5EDT, 2022-10-05 23:42:27.219223-04
 localtime, 2022-10-05 22:42:27.219706-05
 MST7MDT, 2022-10-05 21:42:27.220169-06
 EST, 2022-10-05 22:42:27.220677-05
 PRC, 2022-10-06 11:42:27.221164+08
 posix/CST6CDT, 2022-10-05 22:42:27.221688-05
 posix/Indian/Christmas, 2022-10-06 10:42:27.222105+07
 posix/Indian/Maldives, 2022-10-06 08:42:27.22252+05
 posix/Indian/Mauritius, 2022-10-06 07:42:27.222807+04
 posix/Indian/Kerguelen, 2022-10-06 08:42:27.223007+05
 posix/Indian/Cocos, 2022-10-06 10:12:27.223198+06:30
 posix/Indian/Comoro, 2022-10-06 06:42:27.223393+03
 posix/Indian/Mahe, 2022-10-06 07:42:27.223657+04
 posix/Indian/Antananarivo, 2022-10-06 06:42:27.224068+03
 posix/Indian/Chagos, 2022-10-06 09:42:27.224408+06
 posix/Indian/Mayotte, 2022-10-06 06:42:27.224943+03
 posix/Indian/Reunion, 2022-10-06 07:42:27.225444+04
 posix/Jamaica, 2022-10-05 22:42:27.225938-05
 posix/GB, 2022-10-06 04:42:27.226459+01
 posix/EST5EDT, 2022-10-05 23:42:27.226982-04
 posix/MST7MDT, 2022-10-05 21:42:27.22726-06
 posix/EST, 2022-10-05 22:42:27.227469-05
 posix/PRC, 2022-10-06 11:42:27.22768+08
 posix/Eire, 2022-10-06 04:42:27.227942+01
 posix/Portugal, 2022-10-06 04:42:27.228205+01
 posix/ROK, 2022-10-06 12:42:27.228422+09
 posix/W-SU, 2022-10-06 06:42:27.228636+03
 posix/Hongkong, 2022-10-06 11:42:27.228843+08
 posix/MST, 2022-10-05 20:42:27.229052-07
 posix/GMT0, 2022-10-06 03:42:27.229259+00
 posix/Poland, 2022-10-06 05:42:27.229521+02
 posix/Antarctica/Mawson, 2022-10-06 08:42:27.229771+05
 posix/Antarctica/Syowa, 2022-10-06 06:42:27.229982+03
 posix/Antarctica/McMurdo, 2022-10-06 16:42:27.230228+13
 posix/Antarctica/Vostok, 2022-10-06 09:42:27.230439+06
 posix/Antarctica/Rothera, 2022-10-06 00:42:27.230646-03
 posix/Antarctica/Macquarie, 2022-10-06 14:42:27.230887+11
 posix/Antarctica/Davis, 2022-10-06 10:42:27.231093+07
 posix/Antarctica/Troll, 2022-10-06 05:42:27.231374+02
 posix/Antarctica/Palmer, 2022-10-06 00:42:27.231588-03
 posix/Antarctica/DumontDUrville, 2022-10-06 13:42:27.231795+10
 posix/Antarctica/Casey, 2022-10-06 14:42:27.232021+11
 posix/Antarctica/South_Pole, 2022-10-06 16:42:27.232259+13
 posix/Europe/Paris, 2022-10-06 05:42:27.232508+02
 posix/Europe/Uzhgorod, 2022-10-06 06:42:27.232782+03
 posix/Europe/Lisbon, 2022-10-06 04:42:27.233035+01
 posix/Europe/Warsaw, 2022-10-06 05:42:27.233283+02
 posix/Europe/Saratov, 2022-10-06 07:42:27.233492+04
 posix/Europe/Berlin, 2022-10-06 05:42:27.234002+02
 posix/Europe/Astrakhan, 2022-10-06 07:42:27.234229+04
 posix/Europe/Vaduz, 2022-10-06 05:42:27.234477+02
 posix/Europe/Rome, 2022-10-06 05:42:27.234717+02
 posix/Europe/Ulyanovsk, 2022-10-06 07:42:27.235321+04
 posix/Europe/Riga, 2022-10-06 06:42:27.23563+03
 posix/Europe/Busingen, 2022-10-06 05:42:27.236065+02
 posix/Europe/Gibraltar, 2022-10-06 05:42:27.236512+02
 posix/Europe/Dublin, 2022-10-06 04:42:27.236953+01
 posix/Europe/Kaliningrad, 2022-10-06 05:42:27.237435+02
 posix/Europe/Kiev, 2022-10-06 06:42:27.237945+03
 posix/Europe/Guernsey, 2022-10-06 04:42:27.238514+01
 posix/Europe/London, 2022-10-06 04:42:27.239039+01
 posix/Europe/Oslo, 2022-10-06 05:42:27.239579+02
 posix/Europe/Athens, 2022-10-06 06:42:27.239879+03
 posix/Europe/Vatican, 2022-10-06 05:42:27.240168+02
 posix/Europe/Madrid, 2022-10-06 05:42:27.240443+02
 posix/Europe/Istanbul, 2022-10-06 06:42:27.240661+03
 posix/Europe/Bucharest, 2022-10-06 06:42:27.240935+03
 posix/Europe/Nicosia, 2022-10-06 06:42:27.241232+03
 posix/Europe/Brussels, 2022-10-06 05:42:27.241504+02
 posix/Europe/Copenhagen, 2022-10-06 05:42:27.241762+02
 posix/Europe/Kyiv, 2022-10-06 06:42:27.242035+03
 posix/Europe/Helsinki, 2022-10-06 06:42:27.242287+03
 posix/Europe/Simferopol, 2022-10-06 06:42:27.242512+03
 posix/Europe/Skopje, 2022-10-06 05:42:27.242762+02
 posix/Europe/San_Marino, 2022-10-06 05:42:27.2431+02
 posix/Europe/Kirov, 2022-10-06 06:42:27.243319+03
 posix/Europe/Zagreb, 2022-10-06 05:42:27.2436+02
 posix/Europe/Jersey, 2022-10-06 04:42:27.24386+01
 posix/Europe/Moscow, 2022-10-06 06:42:27.244082+03
 posix/Europe/Vienna, 2022-10-06 05:42:27.244366+02
 posix/Europe/Monaco, 2022-10-06 05:42:27.244627+02
 posix/Europe/Belgrade, 2022-10-06 05:42:27.244946+02
 posix/Europe/Vilnius, 2022-10-06 06:42:27.24522+03
 posix/Europe/Chisinau, 2022-10-06 06:42:27.245475+03
 posix/Europe/Amsterdam, 2022-10-06 05:42:27.245749+02
 posix/Europe/Mariehamn, 2022-10-06 06:42:27.246003+03
 posix/Europe/Belfast, 2022-10-06 04:42:27.246258+01
 posix/Europe/Stockholm, 2022-10-06 05:42:27.246514+02
 posix/Europe/Ljubljana, 2022-10-06 05:42:27.246769+02
 posix/Europe/Tirane, 2022-10-06 05:42:27.247017+02
 posix/Europe/Andorra, 2022-10-06 05:42:27.247262+02
 posix/Europe/Podgorica, 2022-10-06 05:42:27.247511+02
 posix/Europe/Volgograd, 2022-10-06 06:42:27.247736+03
 posix/Europe/Budapest, 2022-10-06 05:42:27.247991+02
 posix/Europe/Malta, 2022-10-06 05:42:27.24827+02
 posix/Europe/Samara, 2022-10-06 07:42:27.248526+04
 posix/Europe/Tiraspol, 2022-10-06 06:42:27.248794+03
 posix/Europe/Tallinn, 2022-10-06 06:42:27.249057+03
 posix/Europe/Isle_of_Man, 2022-10-06 04:42:27.249312+01
 posix/Europe/Sofia, 2022-10-06 06:42:27.249567+03
 posix/Europe/Zaporozhye, 2022-10-06 06:42:27.249822+03
 posix/Europe/Zurich, 2022-10-06 05:42:27.250074+02
 posix/Europe/Minsk, 2022-10-06 06:42:27.250291+03
 posix/Europe/Luxembourg, 2022-10-06 05:42:27.25055+02
 posix/Europe/Bratislava, 2022-10-06 05:42:27.250794+02
 posix/Europe/Sarajevo, 2022-10-06 05:42:27.251043+02
 posix/Europe/Prague, 2022-10-06 05:42:27.251311+02
 posix/CET, 2022-10-06 05:42:27.251557+02
 posix/Atlantic/Faeroe, 2022-10-06 04:42:27.251824+01
 posix/Atlantic/Stanley, 2022-10-06 00:42:27.252037-03
 posix/Atlantic/Reykjavik, 2022-10-06 03:42:27.252242+00
 posix/Atlantic/Cape_Verde, 2022-10-06 02:42:27.252518-01
 posix/Atlantic/Bermuda, 2022-10-06 00:42:27.253119-03
 posix/Atlantic/St_Helena, 2022-10-06 03:42:27.253604+00
 posix/Atlantic/Jan_Mayen, 2022-10-06 05:42:27.253905+02
 posix/Atlantic/Azores, 2022-10-06 03:42:27.254176+00
 posix/Atlantic/Madeira, 2022-10-06 04:42:27.25443+01
 posix/Atlantic/Faroe, 2022-10-06 04:42:27.254719+01
 posix/Atlantic/Canary, 2022-10-06 04:42:27.254961+01
 posix/Atlantic/South_Georgia, 2022-10-06 01:42:27.255168-02
 posix/PST8PDT, 2022-10-05 20:42:27.255405-07
 posix/MET, 2022-10-06 05:42:27.255713+02
 posix/Kwajalein, 2022-10-06 15:42:27.25594+12
 posix/America/Resolute, 2022-10-05 22:42:27.256232-05
 posix/America/Port-au-Prince, 2022-10-05 23:42:27.256503-04
 posix/America/Ojinaga, 2022-10-05 21:42:27.256771-06
 posix/America/Porto_Acre, 2022-10-05 22:42:27.256996-05
 posix/America/Jamaica, 2022-10-05 22:42:27.257218-05
 posix/America/Goose_Bay, 2022-10-06 00:42:27.257482-03
 posix/America/Boise, 2022-10-05 21:42:27.257738-06
 posix/America/Rosario, 2022-10-06 00:42:27.257961-03
 posix/America/Fort_Nelson, 2022-10-05 20:42:27.258184-07
 posix/America/Tijuana, 2022-10-05 20:42:27.258446-07
 posix/America/North_Dakota/New_Salem, 2022-10-05 22:42:27.258706-05
 posix/America/North_Dakota/Beulah, 2022-10-05 22:42:27.258965-05
 posix/America/North_Dakota/Center, 2022-10-05 22:42:27.259222-05
 posix/America/Cambridge_Bay, 2022-10-05 21:42:27.259485-06
 posix/America/Mexico_City, 2022-10-05 22:42:27.259747-05
 posix/America/Santiago, 2022-10-06 00:42:27.259999-03
 posix/America/Paramaribo, 2022-10-06 00:42:27.260219-03
 posix/America/Cayenne, 2022-10-06 00:42:27.260449-03
 posix/America/Anchorage, 2022-10-05 19:42:27.260829-08
 posix/America/Phoenix, 2022-10-05 20:42:27.26106-07
 posix/America/Panama, 2022-10-05 22:42:27.261355-05
 posix/America/Tegucigalpa, 2022-10-05 21:42:27.262556-06
 posix/America/Kentucky/Monticello, 2022-10-05 23:42:27.26289-04
 posix/America/Kentucky/Louisville, 2022-10-05 23:42:27.263312-04
 posix/America/Chihuahua, 2022-10-05 21:42:27.263717-06
 posix/America/St_Thomas, 2022-10-05 23:42:27.264097-04
 posix/America/Thule, 2022-10-06 00:42:27.264409-03
 posix/America/Matamoros, 2022-10-05 22:42:27.264706-05
 posix/America/Barbados, 2022-10-05 23:42:27.264958-04
 posix/America/Whitehorse, 2022-10-05 20:42:27.2652-07
 posix/America/Guayaquil, 2022-10-05 22:42:27.265432-05
 posix/America/Guadeloupe, 2022-10-05 23:42:27.265658-04
 posix/America/Nome, 2022-10-05 19:42:27.26592-08
 posix/America/Noronha, 2022-10-06 01:42:27.266176-02
 posix/America/Santa_Isabel, 2022-10-05 20:42:27.266436-07
 posix/America/Asuncion, 2022-10-06 00:42:27.266693-03
 posix/America/Atka, 2022-10-05 18:42:27.266948-09
 posix/America/Miquelon, 2022-10-06 01:42:27.267244-02
 posix/America/Curacao, 2022-10-05 23:42:27.267467-04
 posix/America/Antigua, 2022-10-05 23:42:27.26771-04
 posix/America/Tortola, 2022-10-05 23:42:27.267947-04
 posix/America/Indianapolis, 2022-10-05 23:42:27.268204-04
 posix/America/Scoresbysund, 2022-10-06 03:42:27.26846+00
 posix/America/Blanc-Sablon, 2022-10-05 23:42:27.26872-04
 posix/America/Grenada, 2022-10-05 23:42:27.269024-04
 posix/America/Creston, 2022-10-05 20:42:27.269379-07
 posix/America/Winnipeg, 2022-10-05 22:42:27.269878-05
 posix/America/La_Paz, 2022-10-05 23:42:27.270425-04
 posix/America/Bahia_Banderas, 2022-10-05 22:42:27.270875-05
 posix/America/Punta_Arenas, 2022-10-06 00:42:27.271239-03
 posix/America/Puerto_Rico, 2022-10-05 23:42:27.271719-04
 posix/America/St_Kitts, 2022-10-05 23:42:27.272205-04
 posix/America/Sitka, 2022-10-05 19:42:27.272599-08
 posix/America/Anguilla, 2022-10-05 23:42:27.272862-04
 posix/America/Lower_Princes, 2022-10-05 23:42:27.273127-04
 posix/America/Bogota, 2022-10-05 22:42:27.273375-05
 posix/America/Detroit, 2022-10-05 23:42:27.273839-04
 posix/America/Araguaina, 2022-10-06 00:42:27.274118-03
 posix/America/Montserrat, 2022-10-05 23:42:27.274372-04
 posix/America/Denver, 2022-10-05 21:42:27.274649-06
 posix/America/Aruba, 2022-10-05 23:42:27.27488-04
 posix/America/Marigot, 2022-10-05 23:42:27.275114-04
 posix/America/Ensenada, 2022-10-05 20:42:27.27537-07
 posix/America/Pangnirtung, 2022-10-05 23:42:27.275636-04
 posix/America/Dominica, 2022-10-05 23:42:27.275884-04
 posix/America/Catamarca, 2022-10-06 00:42:27.276151-03
 posix/America/Halifax, 2022-10-06 00:42:27.276415-03
 posix/America/Cordoba, 2022-10-06 00:42:27.276649-03
 posix/America/Metlakatla, 2022-10-05 19:42:27.27691-08
 posix/America/Caracas, 2022-10-05 23:42:27.277159-04
 posix/America/Dawson, 2022-10-05 20:42:27.277391-07
 posix/America/Martinique, 2022-10-05 23:42:27.277615-04
 posix/America/St_Vincent, 2022-10-05 23:42:27.277848-04
 posix/America/Inuvik, 2022-10-05 21:42:27.278115-06
 posix/America/St_Lucia, 2022-10-05 23:42:27.278394-04
 posix/America/Mendoza, 2022-10-06 00:42:27.278624-03
 posix/America/Glace_Bay, 2022-10-06 00:42:27.278889-03
 posix/America/St_Johns, 2022-10-06 01:12:27.279168-02:30
 posix/America/Thunder_Bay, 2022-10-05 23:42:27.27945-04
 posix/America/Toronto, 2022-10-05 23:42:27.27972-04
 posix/America/Santarem, 2022-10-06 00:42:27.279993-03
 posix/America/Dawson_Creek, 2022-10-05 20:42:27.280244-07
 posix/America/Belem, 2022-10-06 00:42:27.280467-03
 posix/America/Hermosillo, 2022-10-05 20:42:27.280693-07
 posix/America/Moncton, 2022-10-06 00:42:27.280969-03
 posix/America/Nassau, 2022-10-05 23:42:27.281259-04
 posix/America/Virgin, 2022-10-05 23:42:27.281494-04
 posix/America/St_Barthelemy, 2022-10-05 23:42:27.281722-04
 posix/America/Louisville, 2022-10-05 23:42:27.281988-04
 posix/America/Chicago, 2022-10-05 22:42:27.282265-05
 posix/America/El_Salvador, 2022-10-05 21:42:27.282491-06
 posix/America/Juneau, 2022-10-05 19:42:27.282755-08
 posix/America/Argentina/Tucuman, 2022-10-06 00:42:27.282982-03
 posix/America/Argentina/San_Luis, 2022-10-06 00:42:27.283231-03
 posix/America/Argentina/Catamarca, 2022-10-06 00:42:27.283456-03
 posix/America/Argentina/Cordoba, 2022-10-06 00:42:27.283745-03
 posix/America/Argentina/Mendoza, 2022-10-06 00:42:27.284123-03
 posix/America/Argentina/Salta, 2022-10-06 00:42:27.284363-03
 posix/America/Argentina/San_Juan, 2022-10-06 00:42:27.284595-03
 posix/America/Argentina/ComodRivadavia, 2022-10-06 00:42:27.284827-03
 posix/America/Argentina/Buenos_Aires, 2022-10-06 00:42:27.28506-03
 posix/America/Argentina/La_Rioja, 2022-10-06 00:42:27.285294-03
 posix/America/Argentina/Rio_Gallegos, 2022-10-06 00:42:27.285525-03
 posix/America/Argentina/Jujuy, 2022-10-06 00:42:27.285755-03
 posix/America/Argentina/Ushuaia, 2022-10-06 00:42:27.286163-03
 posix/America/Shiprock, 2022-10-05 21:42:27.286584-06
 posix/America/Porto_Velho, 2022-10-05 23:42:27.28696-04
 posix/America/Port_of_Spain, 2022-10-05 23:42:27.287226-04
 posix/America/Monterrey, 2022-10-05 22:42:27.287513-05
 posix/America/Rankin_Inlet, 2022-10-05 22:42:27.288181-05
 posix/America/Fort_Wayne, 2022-10-05 23:42:27.2885-04
 posix/America/Lima, 2022-10-05 22:42:27.28885-05
 posix/America/New_York, 2022-10-05 23:42:27.289164-04
 posix/America/Danmarkshavn, 2022-10-06 03:42:27.28943+00
 posix/America/Nuuk, 2022-10-06 01:42:27.289743-02
 posix/America/Montreal, 2022-10-05 23:42:27.290026-04
 posix/America/Maceio, 2022-10-06 00:42:27.290274-03
 posix/America/Guatemala, 2022-10-05 21:42:27.290506-06
 posix/America/Menominee, 2022-10-05 22:42:27.290772-05
 posix/America/Knox_IN, 2022-10-05 22:42:27.291033-05
 posix/America/Rio_Branco, 2022-10-05 22:42:27.29126-05
 posix/America/Manaus, 2022-10-05 23:42:27.291493-04
 posix/America/Iqaluit, 2022-10-05 23:42:27.291771-04
 posix/America/Adak, 2022-10-05 18:42:27.292074-09
 posix/America/Guyana, 2022-10-05 23:42:27.292306-04
 posix/America/Buenos_Aires, 2022-10-06 00:42:27.292534-03
 posix/America/Campo_Grande, 2022-10-05 23:42:27.292778-04
 posix/America/Cancun, 2022-10-05 22:42:27.293-05
 posix/America/Yellowknife, 2022-10-05 21:42:27.293262-06
 posix/America/Swift_Current, 2022-10-05 21:42:27.293487-06
 posix/America/Sao_Paulo, 2022-10-06 00:42:27.293839-03
 posix/America/Fortaleza, 2022-10-06 00:42:27.294071-03
 posix/America/Bahia, 2022-10-06 00:42:27.294304-03
 posix/America/Kralendijk, 2022-10-05 23:42:27.294535-04
 posix/America/Boa_Vista, 2022-10-05 23:42:27.294803-04
 posix/America/Jujuy, 2022-10-06 00:42:27.295037-03
 posix/America/Havana, 2022-10-05 23:42:27.295303-04
 posix/America/Edmonton, 2022-10-05 21:42:27.295564-06
 posix/America/Atikokan, 2022-10-05 22:42:27.295817-05
 posix/America/Cuiaba, 2022-10-05 23:42:27.296046-04
 posix/America/Grand_Turk, 2022-10-05 23:42:27.296305-04
 posix/America/Costa_Rica, 2022-10-05 21:42:27.296533-06
 posix/America/Rainy_River, 2022-10-05 22:42:27.296839-05
 posix/America/Belize, 2022-10-05 21:42:27.297069-06
 posix/America/Indiana/Indianapolis, 2022-10-05 23:42:27.29735-04
 posix/America/Indiana/Vevay, 2022-10-05 23:42:27.29762-04
 posix/America/Indiana/Petersburg, 2022-10-05 23:42:27.297886-04
 posix/America/Indiana/Tell_City, 2022-10-05 22:42:27.298154-05
 posix/America/Indiana/Winamac, 2022-10-05 23:42:27.298416-04
 posix/America/Indiana/Marengo, 2022-10-05 23:42:27.298692-04
 posix/America/Indiana/Knox, 2022-10-05 22:42:27.298988-05
 posix/America/Indiana/Vincennes, 2022-10-05 23:42:27.299281-04
 posix/America/Santo_Domingo, 2022-10-05 23:42:27.299512-04
 posix/America/Nipigon, 2022-10-05 23:42:27.299788-04
 posix/America/Eirunepe, 2022-10-05 22:42:27.300028-05
 posix/America/Regina, 2022-10-05 21:42:27.300256-06
 posix/America/Recife, 2022-10-06 00:42:27.300487-03
 posix/America/Vancouver, 2022-10-05 20:42:27.30075-07
 posix/America/Cayman, 2022-10-05 22:42:27.300974-05
 posix/America/Mazatlan, 2022-10-05 21:42:27.301268-06
 posix/America/Montevideo, 2022-10-06 00:42:27.301533-03
 posix/America/Yakutat, 2022-10-05 19:42:27.302074-08
 posix/America/Godthab, 2022-10-06 01:42:27.302575-02
 posix/America/Los_Angeles, 2022-10-05 20:42:27.302945-07
 posix/America/Merida, 2022-10-05 22:42:27.303234-05
 posix/America/Coral_Harbour, 2022-10-05 22:42:27.303499-05
 posix/America/Managua, 2022-10-05 21:42:27.303886-06
 posix/Chile/EasterIsland, 2022-10-05 22:42:27.304153-05
 posix/Chile/Continental, 2022-10-06 00:42:27.304402-03
 posix/Israel, 2022-10-06 06:42:27.304656+03
 posix/Arctic/Longyearbyen, 2022-10-06 05:42:27.304918+02
 posix/GB-Eire, 2022-10-06 04:42:27.305163+01
 posix/Japan, 2022-10-06 12:42:27.30537+09
 posix/Brazil/West, 2022-10-05 23:42:27.305581-04
 posix/Brazil/DeNoronha, 2022-10-06 01:42:27.305808-02
 posix/Brazil/Acre, 2022-10-05 22:42:27.30601-05
 posix/Brazil/East, 2022-10-06 00:42:27.306222-03
 posix/Iran, 2022-10-06 07:12:27.306429+03:30
 posix/US/Samoa, 2022-10-05 16:42:27.30665-11
 posix/US/East-Indiana, 2022-10-05 23:42:27.3069-04
 posix/US/Arizona, 2022-10-05 20:42:27.307105-07
 posix/US/Michigan, 2022-10-05 23:42:27.307347-04
 posix/US/Hawaii, 2022-10-05 17:42:27.307692-10
 posix/US/Mountain, 2022-10-05 21:42:27.30796-06
 posix/US/Alaska, 2022-10-05 19:42:27.308216-08
 posix/US/Eastern, 2022-10-05 23:42:27.308463-04
 posix/US/Aleutian, 2022-10-05 18:42:27.308734-09
 posix/US/Indiana-Starke, 2022-10-05 22:42:27.309016-05
 posix/US/Central, 2022-10-05 22:42:27.309277-05
 posix/US/Pacific, 2022-10-05 20:42:27.309532-07
 posix/HST, 2022-10-05 17:42:27.309775-10
 posix/EET, 2022-10-06 06:42:27.310021+03
 posix/Cuba, 2022-10-05 23:42:27.310263-04
 posix/GMT+0, 2022-10-06 03:42:27.310471+00
 posix/Greenwich, 2022-10-06 03:42:27.310681+00
 posix/Mexico/BajaNorte, 2022-10-05 20:42:27.310922-07
 posix/Mexico/BajaSur, 2022-10-05 21:42:27.311183-06
 posix/Mexico/General, 2022-10-05 22:42:27.311426-05
 posix/NZ-CHAT, 2022-10-06 17:27:27.311683+13:45
 posix/UCT, 2022-10-06 03:42:27.311928+00
 posix/GMT, 2022-10-06 03:42:27.312135+00
 posix/SystemV/CST6CDT, 2022-10-05 22:42:27.312386-05
 posix/SystemV/EST5EDT, 2022-10-05 23:42:27.312665-04
 posix/SystemV/MST7MDT, 2022-10-05 21:42:27.312915-06
 posix/SystemV/CST6, 2022-10-05 21:42:27.313125-06
 posix/SystemV/MST7, 2022-10-05 20:42:27.313354-07
 posix/SystemV/HST10, 2022-10-05 17:42:27.313607-10
 posix/SystemV/PST8PDT, 2022-10-05 20:42:27.31387-07
 posix/SystemV/AST4ADT, 2022-10-06 00:42:27.314125-03
 posix/SystemV/YST9YDT, 2022-10-05 19:42:27.314404-08
 posix/SystemV/YST9, 2022-10-05 18:42:27.314633-09
 posix/SystemV/AST4, 2022-10-05 23:42:27.314848-04
 posix/SystemV/PST8, 2022-10-05 19:42:27.31507-08
 posix/SystemV/EST5, 2022-10-05 22:42:27.31528-05
 posix/Turkey, 2022-10-06 06:42:27.315492+03
 posix/NZ, 2022-10-06 16:42:27.315732+13
 posix/Zulu, 2022-10-06 03:42:27.315936+00
 posix/WET, 2022-10-06 04:42:27.316178+01
 posix/Canada/Newfoundland, 2022-10-06 01:12:27.316417-02:30
 posix/Canada/Yukon, 2022-10-05 20:42:27.316627-07
 posix/Canada/Atlantic, 2022-10-06 00:42:27.31687-03
 posix/Canada/Mountain, 2022-10-05 21:42:27.317123-06
 posix/Canada/Eastern, 2022-10-05 23:42:27.317486-04
 posix/Canada/Saskatchewan, 2022-10-05 21:42:27.317702-06
 posix/Canada/Central, 2022-10-05 22:42:27.317947-05
 posix/Canada/Pacific, 2022-10-05 20:42:27.318196-07
 posix/UTC, 2022-10-06 03:42:27.318397+00
 posix/Singapore, 2022-10-06 11:42:27.318597+08
 posix/Iceland, 2022-10-06 03:42:27.318806+00
 posix/Asia/Tbilisi, 2022-10-06 07:42:27.319032+04
 posix/Asia/Tel_Aviv, 2022-10-06 06:42:27.319413+03
 posix/Asia/Krasnoyarsk, 2022-10-06 10:42:27.319921+07
 posix/Asia/Dushanbe, 2022-10-06 08:42:27.320374+05
 posix/Asia/Taipei, 2022-10-06 11:42:27.320676+08
 posix/Asia/Chongqing, 2022-10-06 11:42:27.320911+08
 posix/Asia/Ho_Chi_Minh, 2022-10-06 10:42:27.321157+07
 posix/Asia/Shanghai, 2022-10-06 11:42:27.321435+08
 posix/Asia/Beirut, 2022-10-06 06:42:27.321697+03
 posix/Asia/Dacca, 2022-10-06 09:42:27.322049+06
 posix/Asia/Saigon, 2022-10-06 10:42:27.322279+07
 posix/Asia/Katmandu, 2022-10-06 09:27:27.322497+05:45
 posix/Asia/Hong_Kong, 2022-10-06 11:42:27.322903+08
 posix/Asia/Pontianak, 2022-10-06 10:42:27.32315+07
 posix/Asia/Harbin, 2022-10-06 11:42:27.323371+08
 posix/Asia/Ashgabat, 2022-10-06 08:42:27.323611+05
 posix/Asia/Phnom_Penh, 2022-10-06 10:42:27.323857+07
 posix/Asia/Dubai, 2022-10-06 07:42:27.324084+04
 posix/Asia/Srednekolymsk, 2022-10-06 14:42:27.324327+11
 posix/Asia/Tehran, 2022-10-06 07:12:27.324551+03:30
 posix/Asia/Novosibirsk, 2022-10-06 10:42:27.324771+07
 posix/Asia/Ust-Nera, 2022-10-06 13:42:27.324992+10
 posix/Asia/Tashkent, 2022-10-06 08:42:27.325222+05
 posix/Asia/Vladivostok, 2022-10-06 13:42:27.325482+10
 posix/Asia/Kamchatka, 2022-10-06 15:42:27.325705+12
 posix/Asia/Jerusalem, 2022-10-06 06:42:27.325969+03
 posix/Asia/Famagusta, 2022-10-06 06:42:27.326241+03
 posix/Asia/Vientiane, 2022-10-06 10:42:27.326463+07
 posix/Asia/Chungking, 2022-10-06 11:42:27.326684+08
 posix/Asia/Damascus, 2022-10-06 06:42:27.326941+03
 posix/Asia/Aqtau, 2022-10-06 08:42:27.327182+05
 posix/Asia/Amman, 2022-10-06 06:42:27.327438+03
 posix/Asia/Magadan, 2022-10-06 14:42:27.327658+11
 posix/Asia/Pyongyang, 2022-10-06 12:42:27.327878+09
 posix/Asia/Kathmandu, 2022-10-06 09:27:27.3281+05:45
 posix/Asia/Gaza, 2022-10-06 06:42:27.328367+03
 posix/Asia/Yakutsk, 2022-10-06 12:42:27.328587+09
 posix/Asia/Jayapura, 2022-10-06 12:42:27.328808+09
 posix/Asia/Kuching, 2022-10-06 11:42:27.32903+08
 posix/Asia/Jakarta, 2022-10-06 10:42:27.329277+07
 posix/Asia/Colombo, 2022-10-06 09:12:27.329496+05:30
 posix/Asia/Aden, 2022-10-06 06:42:27.329745+03
 posix/Asia/Qostanay, 2022-10-06 09:42:27.329965+06
 posix/Asia/Istanbul, 2022-10-06 06:42:27.330192+03
 posix/Asia/Nicosia, 2022-10-06 06:42:27.330444+03
 posix/Asia/Oral, 2022-10-06 08:42:27.330666+05
 posix/Asia/Urumqi, 2022-10-06 09:42:27.330887+06
 posix/Asia/Chita, 2022-10-06 12:42:27.331125+09
 posix/Asia/Barnaul, 2022-10-06 10:42:27.331349+07
 posix/Asia/Macao, 2022-10-06 11:42:27.33157+08
 posix/Asia/Kabul, 2022-10-06 08:12:27.331787+04:30
 posix/Asia/Rangoon, 2022-10-06 10:12:27.332008+06:30
 posix/Asia/Manila, 2022-10-06 11:42:27.332271+08
 posix/Asia/Karachi, 2022-10-06 08:42:27.332493+05
 posix/Asia/Bahrain, 2022-10-06 06:42:27.332714+03
 posix/Asia/Hovd, 2022-10-06 10:42:27.332934+07
 posix/Asia/Samarkand, 2022-10-06 08:42:27.333176+05
 posix/Asia/Yerevan, 2022-10-06 07:42:27.3334+04
 posix/Asia/Yekaterinburg, 2022-10-06 08:42:27.333709+05
 posix/Asia/Khandyga, 2022-10-06 12:42:27.333949+09
 posix/Asia/Calcutta, 2022-10-06 09:12:27.334195+05:30
 posix/Asia/Tokyo, 2022-10-06 12:42:27.334427+09
 posix/Asia/Almaty, 2022-10-06 09:42:27.334657+06
 posix/Asia/Anadyr, 2022-10-06 15:42:27.334881+12
 posix/Asia/Novokuznetsk, 2022-10-06 10:42:27.335117+07
 posix/Asia/Thimbu, 2022-10-06 09:42:27.335336+06
 posix/Asia/Macau, 2022-10-06 11:42:27.33559+08
 posix/Asia/Ulan_Bator, 2022-10-06 11:42:27.335821+08
 posix/Asia/Bangkok, 2022-10-06 10:42:27.336103+07
 posix/Asia/Thimphu, 2022-10-06 09:42:27.336346+06
 posix/Asia/Tomsk, 2022-10-06 10:42:27.336631+07
 posix/Asia/Kolkata, 2022-10-06 09:12:27.336944+05:30
 posix/Asia/Hebron, 2022-10-06 06:42:27.337262+03
 posix/Asia/Dhaka, 2022-10-06 09:42:27.337499+06
 posix/Asia/Aqtobe, 2022-10-06 08:42:27.337727+05
 posix/Asia/Bishkek, 2022-10-06 09:42:27.337949+06
 posix/Asia/Ashkhabad, 2022-10-06 08:42:27.338215+05
 posix/Asia/Kuwait, 2022-10-06 06:42:27.338432+03
 posix/Asia/Ujung_Pandang, 2022-10-06 11:42:27.338653+08
 posix/Asia/Irkutsk, 2022-10-06 11:42:27.338876+08
 posix/Asia/Makassar, 2022-10-06 11:42:27.339098+08
 posix/Asia/Qatar, 2022-10-06 06:42:27.339348+03
 posix/Asia/Sakhalin, 2022-10-06 14:42:27.339571+11
 posix/Asia/Seoul, 2022-10-06 12:42:27.339797+09
 posix/Asia/Omsk, 2022-10-06 09:42:27.34002+06
 posix/Asia/Baku, 2022-10-06 07:42:27.340263+04
 posix/Asia/Brunei, 2022-10-06 11:42:27.340494+08
 posix/Asia/Atyrau, 2022-10-06 08:42:27.340724+05
 posix/Asia/Ulaanbaatar, 2022-10-06 11:42:27.340954+08
 posix/Asia/Singapore, 2022-10-06 11:42:27.341189+08
 posix/Asia/Yangon, 2022-10-06 10:12:27.341411+06:30
 posix/Asia/Baghdad, 2022-10-06 06:42:27.341633+03
 posix/Asia/Kashgar, 2022-10-06 09:42:27.341854+06
 posix/Asia/Qyzylorda, 2022-10-06 08:42:27.342077+05
 posix/Asia/Choibalsan, 2022-10-06 11:42:27.342316+08
 posix/Asia/Riyadh, 2022-10-06 06:42:27.342529+03
 posix/Asia/Kuala_Lumpur, 2022-10-06 11:42:27.342754+08
 posix/Asia/Muscat, 2022-10-06 07:42:27.342974+04
 posix/Asia/Dili, 2022-10-06 12:42:27.343211+09
 posix/Pacific/Noumea, 2022-10-06 14:42:27.343442+11
 posix/Pacific/Samoa, 2022-10-05 16:42:27.343896-11
 posix/Pacific/Johnston, 2022-10-05 17:42:27.344137-10
 posix/Pacific/Efate, 2022-10-06 14:42:27.34436+11
 posix/Pacific/Pohnpei, 2022-10-06 14:42:27.344577+11
 posix/Pacific/Palau, 2022-10-06 12:42:27.344797+09
 posix/Pacific/Guadalcanal, 2022-10-06 14:42:27.345015+11
 posix/Pacific/Majuro, 2022-10-06 15:42:27.345244+12
 posix/Pacific/Nauru, 2022-10-06 15:42:27.345458+12
 posix/Pacific/Kiritimati, 2022-10-06 17:42:27.345673+14
 posix/Pacific/Tarawa, 2022-10-06 15:42:27.345918+12
 posix/Pacific/Rarotonga, 2022-10-05 17:42:27.346139-10
 posix/Pacific/Bougainville, 2022-10-06 14:42:27.346371+11
 posix/Pacific/Gambier, 2022-10-05 18:42:27.346601-09
 posix/Pacific/Kwajalein, 2022-10-06 15:42:27.346824+12
 posix/Pacific/Fakaofo, 2022-10-06 16:42:27.347062+13
 posix/Pacific/Easter, 2022-10-05 22:42:27.347308-05
 posix/Pacific/Midway, 2022-10-05 16:42:27.34752-11
 posix/Pacific/Enderbury, 2022-10-06 16:42:27.347732+13
 posix/Pacific/Kanton, 2022-10-06 16:42:27.347944+13
 posix/Pacific/Niue, 2022-10-05 16:42:27.348167-11
 posix/Pacific/Truk, 2022-10-06 13:42:27.348375+10
 posix/Pacific/Apia, 2022-10-06 16:42:27.348587+13
 posix/Pacific/Wallis, 2022-10-06 15:42:27.3488+12
 posix/Pacific/Saipan, 2022-10-06 13:42:27.349013+10
 posix/Pacific/Auckland, 2022-10-06 16:42:27.349287+13
 posix/Pacific/Norfolk, 2022-10-06 15:42:27.349535+12
 posix/Pacific/Marquesas, 2022-10-05 18:12:27.349751-09:30
 posix/Pacific/Tongatapu, 2022-10-06 16:42:27.349964+13
 posix/Pacific/Chuuk, 2022-10-06 13:42:27.350186+10
 posix/Pacific/Yap, 2022-10-06 13:42:27.350399+10
 posix/Pacific/Chatham, 2022-10-06 17:27:27.350645+13:45
 posix/Pacific/Ponape, 2022-10-06 14:42:27.350865+11
 posix/Pacific/Fiji, 2022-10-06 15:42:27.351123+12
 posix/Pacific/Pitcairn, 2022-10-05 19:42:27.351334-08
 posix/Pacific/Wake, 2022-10-06 15:42:27.351543+12
 posix/Pacific/Guam, 2022-10-06 13:42:27.351752+10
 posix/Pacific/Galapagos, 2022-10-05 21:42:27.351959-06
 posix/Pacific/Port_Moresby, 2022-10-06 13:42:27.352186+10
 posix/Pacific/Funafuti, 2022-10-06 15:42:27.352396+12
 posix/Pacific/Tahiti, 2022-10-05 17:42:27.352654-10
 posix/Pacific/Honolulu, 2022-10-05 17:42:27.353068-10
 posix/Pacific/Pago_Pago, 2022-10-05 16:42:27.353371-11
 posix/Pacific/Kosrae, 2022-10-06 14:42:27.353998+11
 posix/Factory, 2022-10-06 03:42:27.354225+00
 posix/Australia/South, 2022-10-06 14:12:27.354493+10:30
 posix/Australia/Adelaide, 2022-10-06 14:12:27.35474+10:30
 posix/Australia/Broken_Hill, 2022-10-06 14:12:27.354995+10:30
 posix/Australia/NSW, 2022-10-06 14:42:27.355236+11
 posix/Australia/Currie, 2022-10-06 14:42:27.355477+11
 posix/Australia/Hobart, 2022-10-06 14:42:27.355714+11
 posix/Australia/Melbourne, 2022-10-06 14:42:27.35598+11
 posix/Australia/Darwin, 2022-10-06 13:12:27.356192+09:30
 posix/Australia/West, 2022-10-06 11:42:27.356438+08
 posix/Australia/Sydney, 2022-10-06 14:42:27.356679+11
 posix/Australia/Lord_Howe, 2022-10-06 14:42:27.356925+11
 posix/Australia/ACT, 2022-10-06 14:42:27.357163+11
 posix/Australia/Eucla, 2022-10-06 12:27:27.35737+08:45
 posix/Australia/Yancowinna, 2022-10-06 14:12:27.357606+10:30
 posix/Australia/Victoria, 2022-10-06 14:42:27.357845+11
 posix/Australia/LHI, 2022-10-06 14:42:27.358106+11
 posix/Australia/Canberra, 2022-10-06 14:42:27.358347+11
 posix/Australia/North, 2022-10-06 13:12:27.358552+09:30
 posix/Australia/Perth, 2022-10-06 11:42:27.358758+08
 posix/Australia/Tasmania, 2022-10-06 14:42:27.359003+11
 posix/Australia/Brisbane, 2022-10-06 13:42:27.359211+10
 posix/Australia/Queensland, 2022-10-06 13:42:27.359417+10
 posix/Australia/Lindeman, 2022-10-06 13:42:27.359622+10
 posix/Libya, 2022-10-06 05:42:27.359825+02
 posix/Africa/Dar_es_Salaam, 2022-10-06 06:42:27.360048+03
 posix/Africa/Lusaka, 2022-10-06 05:42:27.360261+02
 posix/Africa/Bujumbura, 2022-10-06 05:42:27.360474+02
 posix/Africa/Gaborone, 2022-10-06 05:42:27.360684+02
 posix/Africa/Timbuktu, 2022-10-06 03:42:27.360898+00
 posix/Africa/El_Aaiun, 2022-10-06 04:42:27.361133+01
 posix/Africa/Libreville, 2022-10-06 04:42:27.361361+01
 posix/Africa/Banjul, 2022-10-06 03:42:27.361586+00
 posix/Africa/Abidjan, 2022-10-06 03:42:27.361806+00
 posix/Africa/Nouakchott, 2022-10-06 03:42:27.362044+00
 posix/Africa/Lagos, 2022-10-06 04:42:27.36228+01
 posix/Africa/Windhoek, 2022-10-06 05:42:27.362499+02
 posix/Africa/Ouagadougou, 2022-10-06 03:42:27.362724+00
 posix/Africa/Kigali, 2022-10-06 05:42:27.362934+02
 posix/Africa/Asmara, 2022-10-06 06:42:27.363143+03
 posix/Africa/Cairo, 2022-10-06 05:42:27.363354+02
 posix/Africa/Asmera, 2022-10-06 06:42:27.36359+03
 posix/Africa/Harare, 2022-10-06 05:42:27.363857+02
 posix/Africa/Tripoli, 2022-10-06 05:42:27.364091+02
 posix/Africa/Ceuta, 2022-10-06 05:42:27.364598+02
 posix/Africa/Nairobi, 2022-10-06 06:42:27.364816+03
 posix/Africa/Monrovia, 2022-10-06 03:42:27.365154+00
 posix/Africa/Dakar, 2022-10-06 03:42:27.365424+00
 posix/Africa/Casablanca, 2022-10-06 04:42:27.365646+01
 posix/Africa/Accra, 2022-10-06 03:42:27.36586+00
 posix/Africa/Lome, 2022-10-06 03:42:27.366077+00
 posix/Africa/Bangui, 2022-10-06 04:42:27.366316+01
 posix/Africa/Addis_Ababa, 2022-10-06 06:42:27.366568+03
 posix/Africa/Khartoum, 2022-10-06 05:42:27.366802+02
 posix/Africa/Tunis, 2022-10-06 04:42:27.367041+01
 posix/Africa/Bamako, 2022-10-06 03:42:27.36728+00
 posix/Africa/Kampala, 2022-10-06 06:42:27.367495+03
 posix/Africa/Maseru, 2022-10-06 05:42:27.367711+02
 posix/Africa/Sao_Tome, 2022-10-06 03:42:27.367924+00
 posix/Africa/Niamey, 2022-10-06 04:42:27.368147+01
 posix/Africa/Freetown, 2022-10-06 03:42:27.368407+00
 posix/Africa/Maputo, 2022-10-06 05:42:27.368621+02
 posix/Africa/Lubumbashi, 2022-10-06 05:42:27.368835+02
 posix/Africa/Bissau, 2022-10-06 03:42:27.369049+00
 posix/Africa/Algiers, 2022-10-06 04:42:27.36931+01
 posix/Africa/Brazzaville, 2022-10-06 04:42:27.369565+01
 posix/Africa/Johannesburg, 2022-10-06 05:42:27.369788+02
 posix/Africa/Blantyre, 2022-10-06 05:42:27.370045+02
 posix/Africa/Conakry, 2022-10-06 03:42:27.370342+00
 posix/Africa/Ndjamena, 2022-10-06 04:42:27.370616+01
 posix/Africa/Juba, 2022-10-06 05:42:27.370839+02
 posix/Africa/Luanda, 2022-10-06 04:42:27.371059+01
 posix/Africa/Malabo, 2022-10-06 04:42:27.371355+01
 posix/Africa/Porto-Novo, 2022-10-06 04:42:27.371618+01
 posix/Africa/Kinshasa, 2022-10-06 04:42:27.37186+01
 posix/Africa/Mogadishu, 2022-10-06 06:42:27.372082+03
 posix/Africa/Djibouti, 2022-10-06 06:42:27.372325+03
 posix/Africa/Douala, 2022-10-06 04:42:27.372535+01
 posix/Africa/Mbabane, 2022-10-06 05:42:27.372753+02
 posix/Etc/GMT-1, 2022-10-06 04:42:27.372969+01
 posix/Etc/GMT-13, 2022-10-06 16:42:27.373188+13
 posix/Etc/GMT-5, 2022-10-06 08:42:27.373406+05
 posix/Etc/GMT-3, 2022-10-06 06:42:27.373756+03
 posix/Etc/GMT+9, 2022-10-05 18:42:27.373991-09
 posix/Etc/GMT-14, 2022-10-06 17:42:27.37422+14
 posix/Etc/GMT+10, 2022-10-05 17:42:27.374451-10
 posix/Etc/GMT-9, 2022-10-06 12:42:27.374677+09
 posix/Etc/GMT+4, 2022-10-05 23:42:27.374889-04
 posix/Etc/GMT-10, 2022-10-06 13:42:27.375111+10
 posix/Etc/GMT+3, 2022-10-06 00:42:27.375361-03
 posix/Etc/GMT0, 2022-10-06 03:42:27.375587+00
 posix/Etc/GMT-8, 2022-10-06 11:42:27.375804+08
 posix/Etc/GMT+7, 2022-10-05 20:42:27.376016-07
 posix/Etc/GMT+8, 2022-10-05 19:42:27.376231-08
 posix/Etc/GMT+12, 2022-10-05 15:42:27.376454-12
 posix/Etc/GMT+5, 2022-10-05 22:42:27.376704-05
 posix/Etc/GMT+0, 2022-10-06 03:42:27.376917+00
 posix/Etc/Greenwich, 2022-10-06 03:42:27.377136+00
 posix/Etc/GMT-12, 2022-10-06 15:42:27.377366+12
 posix/Etc/UCT, 2022-10-06 03:42:27.377574+00
 posix/Etc/GMT, 2022-10-06 03:42:27.377787+00
 posix/Etc/GMT-2, 2022-10-06 05:42:27.377998+02
 posix/Etc/GMT+11, 2022-10-05 16:42:27.378227-11
 posix/Etc/Zulu, 2022-10-06 03:42:27.378446+00
 posix/Etc/GMT-11, 2022-10-06 14:42:27.378654+11
 posix/Etc/GMT-6, 2022-10-06 09:42:27.378865+06
 posix/Etc/GMT+1, 2022-10-06 02:42:27.379076-01
 posix/Etc/UTC, 2022-10-06 03:42:27.379301+00
 posix/Etc/GMT-4, 2022-10-06 07:42:27.379507+04
 posix/Etc/GMT-7, 2022-10-06 10:42:27.379713+07
 posix/Etc/GMT+6, 2022-10-05 21:42:27.379941-06
 posix/Etc/GMT-0, 2022-10-06 03:42:27.380151+00
 posix/Etc/GMT+2, 2022-10-06 01:42:27.3804-02
 posix/Etc/Universal, 2022-10-06 03:42:27.380623+00
 posix/Navajo, 2022-10-05 21:42:27.380866-06
 posix/GMT-0, 2022-10-06 03:42:27.381075+00
 posix/ROC, 2022-10-06 11:42:27.381287+08
 posix/Egypt, 2022-10-06 05:42:27.381525+02
 posix/Universal, 2022-10-06 03:42:27.381728+00
 Eire, 2022-10-06 04:42:27.381971+01
 Portugal, 2022-10-06 04:42:27.382209+01
 ROK, 2022-10-06 12:42:27.382415+09
 W-SU, 2022-10-06 06:42:27.382608+03
 Hongkong, 2022-10-06 11:42:27.382802+08
 MST, 2022-10-05 20:42:27.383-07
 GMT0, 2022-10-06 03:42:27.383209+00
 Poland, 2022-10-06 05:42:27.383447+02
 Antarctica/Mawson, 2022-10-06 08:42:27.383681+05
 Antarctica/Syowa, 2022-10-06 06:42:27.383897+03
 Antarctica/McMurdo, 2022-10-06 16:42:27.384138+13
 Antarctica/Vostok, 2022-10-06 09:42:27.38435+06
 Antarctica/Rothera, 2022-10-06 00:42:27.384551-03
 Antarctica/Macquarie, 2022-10-06 14:42:27.38497+11
 Antarctica/Davis, 2022-10-06 10:42:27.385177+07
 Antarctica/Troll, 2022-10-06 05:42:27.385487+02
 Antarctica/Palmer, 2022-10-06 00:42:27.385702-03
 Antarctica/DumontDUrville, 2022-10-06 13:42:27.385973+10
 Antarctica/Casey, 2022-10-06 14:42:27.386227+11
 Antarctica/South_Pole, 2022-10-06 16:42:27.386527+13
 Europe/Paris, 2022-10-06 05:42:27.386814+02
 Europe/Uzhgorod, 2022-10-06 06:42:27.387105+03
 Europe/Lisbon, 2022-10-06 04:42:27.387386+01
 Europe/Warsaw, 2022-10-06 05:42:27.387634+02
 Europe/Saratov, 2022-10-06 07:42:27.387847+04
 Europe/Berlin, 2022-10-06 05:42:27.388093+02
 Europe/Astrakhan, 2022-10-06 07:42:27.388323+04
 Europe/Vaduz, 2022-10-06 05:42:27.388565+02
 Europe/Rome, 2022-10-06 05:42:27.388808+02
 Europe/Ulyanovsk, 2022-10-06 07:42:27.389017+04
 Europe/Riga, 2022-10-06 06:42:27.389273+03
 Europe/Busingen, 2022-10-06 05:42:27.389513+02
 Europe/Gibraltar, 2022-10-06 05:42:27.389786+02
 Europe/Dublin, 2022-10-06 04:42:27.390034+01
 Europe/Kaliningrad, 2022-10-06 05:42:27.390263+02
 Europe/Kiev, 2022-10-06 06:42:27.390509+03
 Europe/Guernsey, 2022-10-06 04:42:27.390754+01
 Europe/London, 2022-10-06 04:42:27.391002+01
 Europe/Oslo, 2022-10-06 05:42:27.391254+02
 Europe/Athens, 2022-10-06 06:42:27.391705+03
 Europe/Vatican, 2022-10-06 05:42:27.391964+02
 Europe/Madrid, 2022-10-06 05:42:27.392218+02
 Europe/Istanbul, 2022-10-06 06:42:27.39244+03
 Europe/Bucharest, 2022-10-06 06:42:27.392683+03
 Europe/Nicosia, 2022-10-06 06:42:27.392928+03
 Europe/Brussels, 2022-10-06 05:42:27.39318+02
 Europe/Copenhagen, 2022-10-06 05:42:27.393443+02
 Europe/Kyiv, 2022-10-06 06:42:27.393851+03
 Europe/Helsinki, 2022-10-06 06:42:27.394108+03
 Europe/Simferopol, 2022-10-06 06:42:27.394329+03
 Europe/Skopje, 2022-10-06 05:42:27.394574+02
 Europe/San_Marino, 2022-10-06 05:42:27.39482+02
 Europe/Kirov, 2022-10-06 06:42:27.395027+03
 Europe/Zagreb, 2022-10-06 05:42:27.395282+02
 Europe/Jersey, 2022-10-06 04:42:27.39553+01
 Europe/Moscow, 2022-10-06 06:42:27.395737+03
 Europe/Vienna, 2022-10-06 05:42:27.395983+02
 Europe/Monaco, 2022-10-06 05:42:27.396237+02
 Europe/Belgrade, 2022-10-06 05:42:27.396608+02
 Europe/Vilnius, 2022-10-06 06:42:27.39701+03
 Europe/Chisinau, 2022-10-06 06:42:27.397414+03
 Europe/Amsterdam, 2022-10-06 05:42:27.397952+02
 Europe/Mariehamn, 2022-10-06 06:42:27.39848+03
 Europe/Belfast, 2022-10-06 04:42:27.39901+01
 Europe/Stockholm, 2022-10-06 05:42:27.399444+02
 Europe/Ljubljana, 2022-10-06 05:42:27.399748+02
 Europe/Tirane, 2022-10-06 05:42:27.400058+02
 Europe/Andorra, 2022-10-06 05:42:27.400332+02
 Europe/Podgorica, 2022-10-06 05:42:27.4006+02
 Europe/Volgograd, 2022-10-06 06:42:27.400816+03
 Europe/Budapest, 2022-10-06 05:42:27.401066+02
 Europe/Malta, 2022-10-06 05:42:27.401312+02
 Europe/Samara, 2022-10-06 07:42:27.40154+04
 Europe/Tiraspol, 2022-10-06 06:42:27.40211+03
 Europe/Tallinn, 2022-10-06 06:42:27.40256+03
 Europe/Isle_of_Man, 2022-10-06 04:42:27.40297+01
 Europe/Sofia, 2022-10-06 06:42:27.403354+03
 Europe/Zaporozhye, 2022-10-06 06:42:27.403674+03
 Europe/Zurich, 2022-10-06 05:42:27.403976+02
 Europe/Minsk, 2022-10-06 06:42:27.404217+03
 Europe/Luxembourg, 2022-10-06 05:42:27.404492+02
 Europe/Bratislava, 2022-10-06 05:42:27.404742+02
 Europe/Sarajevo, 2022-10-06 05:42:27.405009+02
 Europe/Prague, 2022-10-06 05:42:27.405256+02
 CET, 2022-10-06 05:42:27.405499+02
 Atlantic/Faeroe, 2022-10-06 04:42:27.405762+01
 Atlantic/Stanley, 2022-10-06 00:42:27.405974-03
 Atlantic/Reykjavik, 2022-10-06 03:42:27.406185+00
 Atlantic/Cape_Verde, 2022-10-06 02:42:27.406388-01
 Atlantic/Bermuda, 2022-10-06 00:42:27.406639-03
 Atlantic/St_Helena, 2022-10-06 03:42:27.406848+00
 Atlantic/Jan_Mayen, 2022-10-06 05:42:27.407096+02
 Atlantic/Azores, 2022-10-06 03:42:27.407335+00
 Atlantic/Madeira, 2022-10-06 04:42:27.407584+01
 Atlantic/Faroe, 2022-10-06 04:42:27.407832+01
 Atlantic/Canary, 2022-10-06 04:42:27.408074+01
 Atlantic/South_Georgia, 2022-10-06 01:42:27.408284-02
 PST8PDT, 2022-10-05 20:42:27.408519-07
 MET, 2022-10-06 05:42:27.408759+02
 Kwajalein, 2022-10-06 15:42:27.408963+12
 America/Resolute, 2022-10-05 22:42:27.409237-05
 America/Port-au-Prince, 2022-10-05 23:42:27.409718-04
 America/Ojinaga, 2022-10-05 21:42:27.409989-06
 America/Porto_Acre, 2022-10-05 22:42:27.410224-05
 America/Jamaica, 2022-10-05 22:42:27.410453-05
 America/Goose_Bay, 2022-10-06 00:42:27.410767-03
 America/Boise, 2022-10-05 21:42:27.411026-06
 America/Rosario, 2022-10-06 00:42:27.411247-03
 America/Fort_Nelson, 2022-10-05 20:42:27.411481-07
 America/Tijuana, 2022-10-05 20:42:27.412152-07
 America/North_Dakota/New_Salem, 2022-10-05 22:42:27.412716-05
 America/North_Dakota/Beulah, 2022-10-05 22:42:27.413203-05
 America/North_Dakota/Center, 2022-10-05 22:42:27.413589-05
 America/Cambridge_Bay, 2022-10-05 21:42:27.413947-06
 America/Mexico_City, 2022-10-05 22:42:27.414131-05
 America/Santiago, 2022-10-06 00:42:27.414387-03
 America/Paramaribo, 2022-10-06 00:42:27.414616-03
 America/Cayenne, 2022-10-06 00:42:27.414845-03
 America/Anchorage, 2022-10-05 19:42:27.415104-08
 America/Phoenix, 2022-10-05 20:42:27.415331-07
 America/Panama, 2022-10-05 22:42:27.415561-05
 America/Tegucigalpa, 2022-10-05 21:42:27.415783-06
 America/Kentucky/Monticello, 2022-10-05 23:42:27.416032-04
 America/Kentucky/Louisville, 2022-10-05 23:42:27.416282-04
 America/Chihuahua, 2022-10-05 21:42:27.416541-06
 America/St_Thomas, 2022-10-05 23:42:27.416757-04
 America/Thule, 2022-10-06 00:42:27.417003-03
 America/Matamoros, 2022-10-05 22:42:27.417251-05
 America/Barbados, 2022-10-05 23:42:27.417471-04
 America/Whitehorse, 2022-10-05 20:42:27.417707-07
 America/Guayaquil, 2022-10-05 22:42:27.417926-05
 America/Guadeloupe, 2022-10-05 23:42:27.418141-04
 America/Nome, 2022-10-05 19:42:27.418386-08
 America/Noronha, 2022-10-06 01:42:27.418609-02
 America/Santa_Isabel, 2022-10-05 20:42:27.418855-07
 America/Asuncion, 2022-10-06 00:42:27.419101-03
 America/Atka, 2022-10-05 18:42:27.4194-09
 America/Miquelon, 2022-10-06 01:42:27.419713-02
 America/Curacao, 2022-10-05 23:42:27.419937-04
 America/Antigua, 2022-10-05 23:42:27.420161-04
 America/Tortola, 2022-10-05 23:42:27.420398-04
 America/Indianapolis, 2022-10-05 23:42:27.420698-04
 America/Scoresbysund, 2022-10-06 03:42:27.420971+00
 America/Blanc-Sablon, 2022-10-05 23:42:27.421217-04
 America/Grenada, 2022-10-05 23:42:27.421448-04
 America/Creston, 2022-10-05 20:42:27.421675-07
 America/Winnipeg, 2022-10-05 22:42:27.421935-05
 America/La_Paz, 2022-10-05 23:42:27.422166-04
 America/Bahia_Banderas, 2022-10-05 22:42:27.422419-05
 America/Punta_Arenas, 2022-10-06 00:42:27.422701-03
 America/Puerto_Rico, 2022-10-05 23:42:27.422931-04
 America/St_Kitts, 2022-10-05 23:42:27.423162-04
 America/Sitka, 2022-10-05 19:42:27.423425-08
 America/Anguilla, 2022-10-05 23:42:27.42366-04
 America/Lower_Princes, 2022-10-05 23:42:27.42388-04
 America/Bogota, 2022-10-05 22:42:27.424099-05
 America/Detroit, 2022-10-05 23:42:27.424349-04
 America/Araguaina, 2022-10-06 00:42:27.424578-03
 America/Montserrat, 2022-10-05 23:42:27.424805-04
 America/Denver, 2022-10-05 21:42:27.425067-06
 America/Aruba, 2022-10-05 23:42:27.425291-04
 America/Marigot, 2022-10-05 23:42:27.425514-04
 America/Ensenada, 2022-10-05 20:42:27.425768-07
 America/Pangnirtung, 2022-10-05 23:42:27.426031-04
 America/Dominica, 2022-10-05 23:42:27.426259-04
 America/Catamarca, 2022-10-06 00:42:27.426497-03
 America/Halifax, 2022-10-06 00:42:27.426751-03
 America/Cordoba, 2022-10-06 00:42:27.42697-03
 America/Metlakatla, 2022-10-05 19:42:27.427219-08
 America/Caracas, 2022-10-05 23:42:27.427447-04
 America/Dawson, 2022-10-05 20:42:27.427738-07
 America/Martinique, 2022-10-05 23:42:27.42796-04
 America/St_Vincent, 2022-10-05 23:42:27.428189-04
 America/Inuvik, 2022-10-05 21:42:27.428454-06
 America/St_Lucia, 2022-10-05 23:42:27.428684-04
 America/Mendoza, 2022-10-06 00:42:27.42891-03
 America/Glace_Bay, 2022-10-06 00:42:27.429175-03
 America/St_Johns, 2022-10-06 01:12:27.429429-02:30
 America/Thunder_Bay, 2022-10-05 23:42:27.429691-04
 America/Toronto, 2022-10-05 23:42:27.429954-04
 America/Santarem, 2022-10-06 00:42:27.430183-03
 America/Dawson_Creek, 2022-10-05 20:42:27.430402-07
 America/Belem, 2022-10-06 00:42:27.430628-03
 America/Hermosillo, 2022-10-05 20:42:27.430854-07
 America/Moncton, 2022-10-06 00:42:27.431111-03
 America/Nassau, 2022-10-05 23:42:27.431375-04
 America/Virgin, 2022-10-05 23:42:27.431591-04
 America/St_Barthelemy, 2022-10-05 23:42:27.431809-04
 America/Louisville, 2022-10-05 23:42:27.432063-04
 America/Chicago, 2022-10-05 22:42:27.432574-05
 America/El_Salvador, 2022-10-05 21:42:27.43283-06
 America/Juneau, 2022-10-05 19:42:27.433097-08
 America/Argentina/Tucuman, 2022-10-06 00:42:27.433372-03
 America/Argentina/San_Luis, 2022-10-06 00:42:27.433612-03
 America/Argentina/Catamarca, 2022-10-06 00:42:27.433838-03
 America/Argentina/Cordoba, 2022-10-06 00:42:27.434062-03
 America/Argentina/Mendoza, 2022-10-06 00:42:27.434284-03
 America/Argentina/Salta, 2022-10-06 00:42:27.434515-03
 America/Argentina/San_Juan, 2022-10-06 00:42:27.43475-03
 America/Argentina/ComodRivadavia, 2022-10-06 00:42:27.434979-03
 America/Argentina/Buenos_Aires, 2022-10-06 00:42:27.435212-03
 America/Argentina/La_Rioja, 2022-10-06 00:42:27.435438-03
 America/Argentina/Rio_Gallegos, 2022-10-06 00:42:27.435668-03
 America/Argentina/Jujuy, 2022-10-06 00:42:27.435942-03
 America/Argentina/Ushuaia, 2022-10-06 00:42:27.436193-03
 America/Shiprock, 2022-10-05 21:42:27.436461-06
 America/Porto_Velho, 2022-10-05 23:42:27.436694-04
 America/Port_of_Spain, 2022-10-05 23:42:27.436925-04
 America/Monterrey, 2022-10-05 22:42:27.437189-05
 America/Rankin_Inlet, 2022-10-05 22:42:27.437451-05
 America/Fort_Wayne, 2022-10-05 23:42:27.437746-04
 America/Lima, 2022-10-05 22:42:27.437973-05
 America/New_York, 2022-10-05 23:42:27.438228-04
 America/Danmarkshavn, 2022-10-06 03:42:27.438449+00
 America/Nuuk, 2022-10-06 01:42:27.438714-02
 America/Montreal, 2022-10-05 23:42:27.438974-04
 America/Maceio, 2022-10-06 00:42:27.439206-03
 America/Guatemala, 2022-10-05 21:42:27.439427-06
 America/Menominee, 2022-10-05 22:42:27.439703-05
 America/Knox_IN, 2022-10-05 22:42:27.439958-05
 America/Rio_Branco, 2022-10-05 22:42:27.440176-05
 America/Manaus, 2022-10-05 23:42:27.440393-04
 America/Iqaluit, 2022-10-05 23:42:27.440667-04
 America/Adak, 2022-10-05 18:42:27.440915-09
 America/Guyana, 2022-10-05 23:42:27.441134-04
 America/Buenos_Aires, 2022-10-06 00:42:27.441355-03
 America/Campo_Grande, 2022-10-05 23:42:27.441587-04
 America/Cancun, 2022-10-05 22:42:27.441812-05
 America/Yellowknife, 2022-10-05 21:42:27.442064-06
 America/Swift_Current, 2022-10-05 21:42:27.442283-06
 America/Sao_Paulo, 2022-10-06 00:42:27.442499-03
 America/Fortaleza, 2022-10-06 00:42:27.442729-03
 America/Bahia, 2022-10-06 00:42:27.442947-03
 America/Kralendijk, 2022-10-05 23:42:27.443166-04
 America/Boa_Vista, 2022-10-05 23:42:27.443381-04
 America/Jujuy, 2022-10-06 00:42:27.443672-03
 America/Havana, 2022-10-05 23:42:27.443934-04
 America/Edmonton, 2022-10-05 21:42:27.444189-06
 America/Atikokan, 2022-10-05 22:42:27.44442-05
 America/Cuiaba, 2022-10-05 23:42:27.44468-04
 America/Grand_Turk, 2022-10-05 23:42:27.444929-04
 America/Costa_Rica, 2022-10-05 21:42:27.445153-06
 America/Rainy_River, 2022-10-05 22:42:27.445418-05
 America/Belize, 2022-10-05 21:42:27.44565-06
 America/Indiana/Indianapolis, 2022-10-05 23:42:27.445909-04
 America/Indiana/Vevay, 2022-10-05 23:42:27.446169-04
 America/Indiana/Petersburg, 2022-10-05 23:42:27.446416-04
 America/Indiana/Tell_City, 2022-10-05 22:42:27.446694-05
 America/Indiana/Winamac, 2022-10-05 23:42:27.446948-04
 America/Indiana/Marengo, 2022-10-05 23:42:27.447211-04
 America/Indiana/Knox, 2022-10-05 22:42:27.447467-05
 America/Indiana/Vincennes, 2022-10-05 23:42:27.447735-04
 America/Santo_Domingo, 2022-10-05 23:42:27.44796-04
 America/Nipigon, 2022-10-05 23:42:27.448214-04
 America/Eirunepe, 2022-10-05 22:42:27.44845-05
 America/Regina, 2022-10-05 21:42:27.448665-06
 America/Recife, 2022-10-06 00:42:27.448878-03
 America/Vancouver, 2022-10-05 20:42:27.449132-07
 America/Cayman, 2022-10-05 22:42:27.44935-05
 America/Mazatlan, 2022-10-05 21:42:27.449633-06
 America/Montevideo, 2022-10-06 00:42:27.449849-03
 America/Yakutat, 2022-10-05 19:42:27.450099-08
 America/Godthab, 2022-10-06 01:42:27.450356-02
 America/Los_Angeles, 2022-10-05 20:42:27.450625-07
 America/Merida, 2022-10-05 22:42:27.450903-05
 America/Coral_Harbour, 2022-10-05 22:42:27.451125-05
 America/Managua, 2022-10-05 21:42:27.451345-06
 Chile/EasterIsland, 2022-10-05 22:42:27.451576-05
 Chile/Continental, 2022-10-06 00:42:27.45181-03
 Israel, 2022-10-06 06:42:27.452046+03
 Arctic/Longyearbyen, 2022-10-06 05:42:27.452286+02
 GB-Eire, 2022-10-06 04:42:27.452619+01
 Japan, 2022-10-06 12:42:27.452856+09
 Brazil/West, 2022-10-05 23:42:27.453077-04
 Brazil/DeNoronha, 2022-10-06 01:42:27.453297-02
 Brazil/Acre, 2022-10-05 22:42:27.45357-05
 Brazil/East, 2022-10-06 00:42:27.453808-03
 Iran, 2022-10-06 07:12:27.454208+03:30
 US/Samoa, 2022-10-05 16:42:27.454472-11
 US/East-Indiana, 2022-10-05 23:42:27.454739-04
 US/Arizona, 2022-10-05 20:42:27.454943-07
 US/Michigan, 2022-10-05 23:42:27.455179-04
 US/Hawaii, 2022-10-05 17:42:27.455383-10
 US/Mountain, 2022-10-05 21:42:27.455656-06
 US/Alaska, 2022-10-05 19:42:27.455895-08
 US/Eastern, 2022-10-05 23:42:27.456132-04
 US/Aleutian, 2022-10-05 18:42:27.456367-09
 US/Indiana-Starke, 2022-10-05 22:42:27.456614-05
 US/Central, 2022-10-05 22:42:27.456853-05
 US/Pacific, 2022-10-05 20:42:27.457089-07
 HST, 2022-10-05 17:42:27.457288-10
 EET, 2022-10-06 06:42:27.457522+03
 Cuba, 2022-10-05 23:42:27.457753-04
 GMT+0, 2022-10-06 03:42:27.457957+00
 Greenwich, 2022-10-06 03:42:27.458155+00
 Mexico/BajaNorte, 2022-10-05 20:42:27.458392-07
 Mexico/BajaSur, 2022-10-05 21:42:27.458763-06
 Mexico/General, 2022-10-05 22:42:27.459008-05
 NZ-CHAT, 2022-10-06 17:27:27.459242+13:45
 UCT, 2022-10-06 03:42:27.459455+00
 GMT, 2022-10-06 03:42:27.45967+00
 posixrules, 2022-10-05 23:42:27.45992-04
 SystemV/CST6CDT, 2022-10-05 22:42:27.460172-05
 SystemV/EST5EDT, 2022-10-05 23:42:27.460428-04
 SystemV/MST7MDT, 2022-10-05 21:42:27.460813-06
 SystemV/CST6, 2022-10-05 21:42:27.461062-06
 SystemV/MST7, 2022-10-05 20:42:27.461277-07
 SystemV/HST10, 2022-10-05 17:42:27.46149-10
 SystemV/PST8PDT, 2022-10-05 20:42:27.461751-07
 SystemV/AST4ADT, 2022-10-06 00:42:27.461992-03
 SystemV/YST9YDT, 2022-10-05 19:42:27.462227-08
 SystemV/YST9, 2022-10-05 18:42:27.462428-09
 SystemV/AST4, 2022-10-05 23:42:27.462647-04
 SystemV/PST8, 2022-10-05 19:42:27.462844-08
 SystemV/EST5, 2022-10-05 22:42:27.463039-05
 Turkey, 2022-10-06 06:42:27.463241+03
 NZ, 2022-10-06 16:42:27.463476+13
 Zulu, 2022-10-06 03:42:27.463756+00
 WET, 2022-10-06 04:42:27.46401+01
 Canada/Newfoundland, 2022-10-06 01:12:27.464259-02:30
 Canada/Yukon, 2022-10-05 20:42:27.464475-07
 Canada/Atlantic, 2022-10-06 00:42:27.464739-03
 Canada/Mountain, 2022-10-05 21:42:27.465037-06
 Canada/Eastern, 2022-10-05 23:42:27.465294-04
 Canada/Saskatchewan, 2022-10-05 21:42:27.465514-06
 Canada/Central, 2022-10-05 22:42:27.465776-05
 Canada/Pacific, 2022-10-05 20:42:27.46602-07
 UTC, 2022-10-06 03:42:27.466218+00
 Singapore, 2022-10-06 11:42:27.466416+08
 Iceland, 2022-10-06 03:42:27.466624+00
 Asia/Tbilisi, 2022-10-06 07:42:27.466844+04
 Asia/Tel_Aviv, 2022-10-06 06:42:27.467113+03
 Asia/Krasnoyarsk, 2022-10-06 10:42:27.467332+07
 Asia/Dushanbe, 2022-10-06 08:42:27.467564+05
 Asia/Taipei, 2022-10-06 11:42:27.46778+08
 Asia/Chongqing, 2022-10-06 11:42:27.467996+08
 Asia/Ho_Chi_Minh, 2022-10-06 10:42:27.468207+07
 Asia/Shanghai, 2022-10-06 11:42:27.468416+08
 Asia/Beirut, 2022-10-06 06:42:27.46867+03
 Asia/Dacca, 2022-10-06 09:42:27.46891+06
 Asia/Saigon, 2022-10-06 10:42:27.46913+07
 Asia/Katmandu, 2022-10-06 09:27:27.469442+05:45
 Asia/Hong_Kong, 2022-10-06 11:42:27.469703+08
 Asia/Pontianak, 2022-10-06 10:42:27.470044+07
 Asia/Harbin, 2022-10-06 11:42:27.470492+08
 Asia/Ashgabat, 2022-10-06 08:42:27.471002+05
 Asia/Phnom_Penh, 2022-10-06 10:42:27.471224+07
 Asia/Dubai, 2022-10-06 07:42:27.471458+04
 Asia/Srednekolymsk, 2022-10-06 14:42:27.471837+11
 Asia/Tehran, 2022-10-06 07:12:27.472066+03:30
 Asia/Novosibirsk, 2022-10-06 10:42:27.472291+07
 Asia/Ust-Nera, 2022-10-06 13:42:27.472523+10
 Asia/Tashkent, 2022-10-06 08:42:27.472738+05
 Asia/Vladivostok, 2022-10-06 13:42:27.47295+10
 Asia/Kamchatka, 2022-10-06 15:42:27.473163+12
 Asia/Jerusalem, 2022-10-06 06:42:27.473414+03
 Asia/Famagusta, 2022-10-06 06:42:27.473708+03
 Asia/Vientiane, 2022-10-06 10:42:27.47392+07
 Asia/Chungking, 2022-10-06 11:42:27.474134+08
 Asia/Damascus, 2022-10-06 06:42:27.474386+03
 Asia/Aqtau, 2022-10-06 08:42:27.474621+05
 Asia/Amman, 2022-10-06 06:42:27.47487+03
 Asia/Magadan, 2022-10-06 14:42:27.475077+11
 Asia/Pyongyang, 2022-10-06 12:42:27.475304+09
 Asia/Kathmandu, 2022-10-06 09:27:27.475546+05:45
 Asia/Gaza, 2022-10-06 06:42:27.476097+03
 Asia/Yakutsk, 2022-10-06 12:42:27.476324+09
 Asia/Jayapura, 2022-10-06 12:42:27.476564+09
 Asia/Kuching, 2022-10-06 11:42:27.476777+08
 Asia/Jakarta, 2022-10-06 10:42:27.476989+07
 Asia/Colombo, 2022-10-06 09:12:27.477202+05:30
 Asia/Aden, 2022-10-06 06:42:27.47741+03
 Asia/Qostanay, 2022-10-06 09:42:27.477633+06
 Asia/Istanbul, 2022-10-06 06:42:27.477846+03
 Asia/Nicosia, 2022-10-06 06:42:27.478089+03
 Asia/Oral, 2022-10-06 08:42:27.478296+05
 Asia/Urumqi, 2022-10-06 09:42:27.478512+06
 Asia/Chita, 2022-10-06 12:42:27.478725+09
 Asia/Barnaul, 2022-10-06 10:42:27.478932+07
 Asia/Macao, 2022-10-06 11:42:27.47914+08
 Asia/Kabul, 2022-10-06 08:12:27.479347+04:30
 Asia/Rangoon, 2022-10-06 10:12:27.479567+06:30
 Asia/Manila, 2022-10-06 11:42:27.479775+08
 Asia/Karachi, 2022-10-06 08:42:27.479982+05
 Asia/Bahrain, 2022-10-06 06:42:27.480196+03
 Asia/Hovd, 2022-10-06 10:42:27.480412+07
 Asia/Samarkand, 2022-10-06 08:42:27.480637+05
 Asia/Yerevan, 2022-10-06 07:42:27.480845+04
 Asia/Yekaterinburg, 2022-10-06 08:42:27.481052+05
 Asia/Khandyga, 2022-10-06 12:42:27.481259+09
 Asia/Calcutta, 2022-10-06 09:12:27.481478+05:30
 Asia/Tokyo, 2022-10-06 12:42:27.481688+09
 Asia/Almaty, 2022-10-06 09:42:27.481895+06
 Asia/Anadyr, 2022-10-06 15:42:27.482104+12
 Asia/Novokuznetsk, 2022-10-06 10:42:27.482311+07
 Asia/Thimbu, 2022-10-06 09:42:27.482537+06
 Asia/Macau, 2022-10-06 11:42:27.48275+08
 Asia/Ulan_Bator, 2022-10-06 11:42:27.482971+08
 Asia/Bangkok, 2022-10-06 10:42:27.483179+07
 Asia/Thimphu, 2022-10-06 09:42:27.483386+06
 Asia/Tomsk, 2022-10-06 10:42:27.483605+07
 Asia/Kolkata, 2022-10-06 09:12:27.483814+05:30
 Asia/Hebron, 2022-10-06 06:42:27.484057+03
 Asia/Dhaka, 2022-10-06 09:42:27.484264+06
 Asia/Aqtobe, 2022-10-06 08:42:27.484485+05
 Asia/Bishkek, 2022-10-06 09:42:27.484698+06
 Asia/Ashkhabad, 2022-10-06 08:42:27.484906+05
 Asia/Kuwait, 2022-10-06 06:42:27.485113+03
 Asia/Ujung_Pandang, 2022-10-06 11:42:27.485356+08
 Asia/Irkutsk, 2022-10-06 11:42:27.485583+08
 Asia/Makassar, 2022-10-06 11:42:27.485795+08
 Asia/Qatar, 2022-10-06 06:42:27.486089+03
 Asia/Sakhalin, 2022-10-06 14:42:27.486805+11
 Asia/Seoul, 2022-10-06 12:42:27.487196+09
 Asia/Omsk, 2022-10-06 09:42:27.487449+06
 Asia/Baku, 2022-10-06 07:42:27.487692+04
 Asia/Brunei, 2022-10-06 11:42:27.487908+08
 Asia/Atyrau, 2022-10-06 08:42:27.488122+05
 Asia/Ulaanbaatar, 2022-10-06 11:42:27.488339+08
 Asia/Singapore, 2022-10-06 11:42:27.488588+08
 Asia/Yangon, 2022-10-06 10:12:27.488803+06:30
 Asia/Baghdad, 2022-10-06 06:42:27.489021+03
 Asia/Kashgar, 2022-10-06 09:42:27.489237+06
 Asia/Qyzylorda, 2022-10-06 08:42:27.489455+05
 Asia/Choibalsan, 2022-10-06 11:42:27.489681+08
 Asia/Riyadh, 2022-10-06 06:42:27.489893+03
 Asia/Kuala_Lumpur, 2022-10-06 11:42:27.490106+08
 Asia/Muscat, 2022-10-06 07:42:27.490319+04
 Asia/Dili, 2022-10-06 12:42:27.490546+09
 Pacific/Noumea, 2022-10-06 14:42:27.490758+11
 Pacific/Samoa, 2022-10-05 16:42:27.490961-11
 Pacific/Johnston, 2022-10-05 17:42:27.491168-10
 Pacific/Efate, 2022-10-06 14:42:27.491374+11
 Pacific/Pohnpei, 2022-10-06 14:42:27.491621+11
 Pacific/Palau, 2022-10-06 12:42:27.492103+09
 Pacific/Guadalcanal, 2022-10-06 14:42:27.492526+11
 Pacific/Majuro, 2022-10-06 15:42:27.492975+12
 Pacific/Nauru, 2022-10-06 15:42:27.493366+12
 Pacific/Kiritimati, 2022-10-06 17:42:27.493986+14
 Pacific/Tarawa, 2022-10-06 15:42:27.494406+12
 Pacific/Rarotonga, 2022-10-05 17:42:27.494657-10
 Pacific/Bougainville, 2022-10-06 14:42:27.494864+11
 Pacific/Gambier, 2022-10-05 18:42:27.495066-09
 Pacific/Kwajalein, 2022-10-06 15:42:27.495269+12
 Pacific/Fakaofo, 2022-10-06 16:42:27.495471+13
 Pacific/Easter, 2022-10-05 22:42:27.495705-05
 Pacific/Midway, 2022-10-05 16:42:27.495902-11
 Pacific/Enderbury, 2022-10-06 16:42:27.496101+13
 Pacific/Kanton, 2022-10-06 16:42:27.496299+13
 Pacific/Niue, 2022-10-05 16:42:27.496498-11
 Pacific/Truk, 2022-10-06 13:42:27.496697+10
 Pacific/Apia, 2022-10-06 16:42:27.497152+13
 Pacific/Wallis, 2022-10-06 15:42:27.497354+12
 Pacific/Saipan, 2022-10-06 13:42:27.497559+10
 Pacific/Auckland, 2022-10-06 16:42:27.497792+13
 Pacific/Norfolk, 2022-10-06 15:42:27.498018+12
 Pacific/Marquesas, 2022-10-05 18:12:27.498217-09:30
 Pacific/Tongatapu, 2022-10-06 16:42:27.498418+13
 Pacific/Chuuk, 2022-10-06 13:42:27.498616+10
 Pacific/Yap, 2022-10-06 13:42:27.498813+10
 Pacific/Chatham, 2022-10-06 17:27:27.499044+13:45
 Pacific/Ponape, 2022-10-06 14:42:27.499266+11
 Pacific/Fiji, 2022-10-06 15:42:27.499506+12
 Pacific/Pitcairn, 2022-10-05 19:42:27.499706-08
 Pacific/Wake, 2022-10-06 15:42:27.499903+12
 Pacific/Guam, 2022-10-06 13:42:27.500102+10
 Pacific/Galapagos, 2022-10-05 21:42:27.500301-06
 Pacific/Port_Moresby, 2022-10-06 13:42:27.500501+10
 Pacific/Funafuti, 2022-10-06 15:42:27.500699+12
 Pacific/Tahiti, 2022-10-05 17:42:27.500897-10
 Pacific/Honolulu, 2022-10-05 17:42:27.501095-10
 Pacific/Pago_Pago, 2022-10-05 16:42:27.501292-11
 Pacific/Kosrae, 2022-10-06 14:42:27.501497+11
 Factory, 2022-10-06 03:42:27.501687+00
 Australia/South, 2022-10-06 14:12:27.501917+10:30
 Australia/Adelaide, 2022-10-06 14:12:27.502144+10:30
 Australia/Broken_Hill, 2022-10-06 14:12:27.502372+10:30
 Australia/NSW, 2022-10-06 14:42:27.502646+11
 Australia/Currie, 2022-10-06 14:42:27.502943+11
 Australia/Hobart, 2022-10-06 14:42:27.503195+11
 Australia/Melbourne, 2022-10-06 14:42:27.503447+11
 Australia/Darwin, 2022-10-06 13:12:27.503717+09:30
 Australia/West, 2022-10-06 11:42:27.50395+08
 Australia/Sydney, 2022-10-06 14:42:27.504207+11
 Australia/Lord_Howe, 2022-10-06 14:42:27.504445+11
 Australia/ACT, 2022-10-06 14:42:27.504682+11
 Australia/Eucla, 2022-10-06 12:27:27.504886+08:45
 Australia/Yancowinna, 2022-10-06 14:12:27.505121+10:30
 Australia/Victoria, 2022-10-06 14:42:27.505358+11
 Australia/LHI, 2022-10-06 14:42:27.505652+11
 Australia/Canberra, 2022-10-06 14:42:27.505913+11
 Australia/North, 2022-10-06 13:12:27.506174+09:30
 Australia/Perth, 2022-10-06 11:42:27.506389+08
 Australia/Tasmania, 2022-10-06 14:42:27.506636+11
 Australia/Brisbane, 2022-10-06 13:42:27.506889+10
 Australia/Queensland, 2022-10-06 13:42:27.507105+10
 Australia/Lindeman, 2022-10-06 13:42:27.507316+10
 Libya, 2022-10-06 05:42:27.5078+02
 Africa/Dar_es_Salaam, 2022-10-06 06:42:27.508072+03
 Africa/Lusaka, 2022-10-06 05:42:27.508296+02
 Africa/Bujumbura, 2022-10-06 05:42:27.508514+02
 Africa/Gaborone, 2022-10-06 05:42:27.508733+02
 Africa/Timbuktu, 2022-10-06 03:42:27.508955+00
 Africa/El_Aaiun, 2022-10-06 04:42:27.509169+01
 Africa/Libreville, 2022-10-06 04:42:27.509386+01
 Africa/Banjul, 2022-10-06 03:42:27.509601+00
 Africa/Abidjan, 2022-10-06 03:42:27.509811+00
 Africa/Nouakchott, 2022-10-06 03:42:27.510019+00
 Africa/Lagos, 2022-10-06 04:42:27.510223+01
 Africa/Windhoek, 2022-10-06 05:42:27.510433+02
 Africa/Ouagadougou, 2022-10-06 03:42:27.51064+00
 Africa/Kigali, 2022-10-06 05:42:27.510865+02
 Africa/Asmara, 2022-10-06 06:42:27.511087+03
 Africa/Cairo, 2022-10-06 05:42:27.511346+02
 Africa/Asmera, 2022-10-06 06:42:27.511556+03
 Africa/Harare, 2022-10-06 05:42:27.511763+02
 Africa/Tripoli, 2022-10-06 05:42:27.511982+02
 Africa/Ceuta, 2022-10-06 05:42:27.512228+02
 Africa/Nairobi, 2022-10-06 06:42:27.512432+03
 Africa/Monrovia, 2022-10-06 03:42:27.512641+00
 Africa/Dakar, 2022-10-06 03:42:27.512848+00
 Africa/Casablanca, 2022-10-06 04:42:27.513057+01
 Africa/Accra, 2022-10-06 03:42:27.513266+00
 Africa/Lome, 2022-10-06 03:42:27.513473+00
 Africa/Bangui, 2022-10-06 04:42:27.51372+01
 Africa/Addis_Ababa, 2022-10-06 06:42:27.51394+03
 Africa/Khartoum, 2022-10-06 05:42:27.514144+02
 Africa/Tunis, 2022-10-06 04:42:27.514347+01
 Africa/Bamako, 2022-10-06 03:42:27.514549+00
 Africa/Kampala, 2022-10-06 06:42:27.514751+03
 Africa/Maseru, 2022-10-06 05:42:27.514959+02
 Africa/Sao_Tome, 2022-10-06 03:42:27.515173+00
 Africa/Niamey, 2022-10-06 04:42:27.51538+01
 Africa/Freetown, 2022-10-06 03:42:27.515586+00
 Africa/Maputo, 2022-10-06 05:42:27.515793+02
 Africa/Lubumbashi, 2022-10-06 05:42:27.516002+02
 Africa/Bissau, 2022-10-06 03:42:27.516207+00
 Africa/Algiers, 2022-10-06 04:42:27.516673+01
 Africa/Brazzaville, 2022-10-06 04:42:27.516895+01
 Africa/Johannesburg, 2022-10-06 05:42:27.517105+02
 Africa/Blantyre, 2022-10-06 05:42:27.517319+02
 Africa/Conakry, 2022-10-06 03:42:27.517523+00
 Africa/Ndjamena, 2022-10-06 04:42:27.517725+01
 Africa/Juba, 2022-10-06 05:42:27.517954+02
 Africa/Luanda, 2022-10-06 04:42:27.518156+01
 Africa/Malabo, 2022-10-06 04:42:27.518363+01
 Africa/Porto-Novo, 2022-10-06 04:42:27.518567+01
 Africa/Kinshasa, 2022-10-06 04:42:27.518773+01
 Africa/Mogadishu, 2022-10-06 06:42:27.518984+03
 Africa/Djibouti, 2022-10-06 06:42:27.5192+03
 Africa/Douala, 2022-10-06 04:42:27.519488+01
 Africa/Mbabane, 2022-10-06 05:42:27.519788+02
 Etc/GMT-1, 2022-10-06 04:42:27.52004+01
 Etc/GMT-13, 2022-10-06 16:42:27.520282+13
 Etc/GMT-5, 2022-10-06 08:42:27.520517+05
 Etc/GMT-3, 2022-10-06 06:42:27.52074+03
 Etc/GMT+9, 2022-10-05 18:42:27.520951-09
 Etc/GMT-14, 2022-10-06 17:42:27.521158+14
 Etc/GMT+10, 2022-10-05 17:42:27.521363-10
 Etc/GMT-9, 2022-10-06 12:42:27.521564+09
 Etc/GMT+4, 2022-10-05 23:42:27.52177-04
 Etc/GMT-10, 2022-10-06 13:42:27.522042+10
 Etc/GMT+3, 2022-10-06 00:42:27.522258-03
 Etc/GMT0, 2022-10-06 03:42:27.522474+00
 Etc/GMT-8, 2022-10-06 11:42:27.52269+08
 Etc/GMT+7, 2022-10-05 20:42:27.522946-07
 Etc/GMT+8, 2022-10-05 19:42:27.523194-08
 Etc/GMT+12, 2022-10-05 15:42:27.523434-12
 Etc/GMT+5, 2022-10-05 22:42:27.523653-05
 Etc/GMT+0, 2022-10-06 03:42:27.523884+00
 Etc/Greenwich, 2022-10-06 03:42:27.524096+00
 Etc/GMT-12, 2022-10-06 15:42:27.524306+12
 Etc/UCT, 2022-10-06 03:42:27.52454+00
 Etc/GMT, 2022-10-06 03:42:27.524782+00
 Etc/GMT-2, 2022-10-06 05:42:27.524997+02
 Etc/GMT+11, 2022-10-05 16:42:27.525208-11
 Etc/Zulu, 2022-10-06 03:42:27.525424+00
 Etc/GMT-11, 2022-10-06 14:42:27.525634+11
 Etc/GMT-6, 2022-10-06 09:42:27.525846+06
 Etc/GMT+1, 2022-10-06 02:42:27.526082-01
 Etc/UTC, 2022-10-06 03:42:27.526372+00
 Etc/GMT-4, 2022-10-06 07:42:27.526609+04
 Etc/GMT-7, 2022-10-06 10:42:27.526825+07
 Etc/GMT+6, 2022-10-05 21:42:27.527029-06
 Etc/GMT-0, 2022-10-06 03:42:27.527232+00
 Etc/GMT+2, 2022-10-06 01:42:27.527434-02
 Etc/Universal, 2022-10-06 03:42:27.527637+00
 Navajo, 2022-10-05 21:42:27.527879-06
 GMT-0, 2022-10-06 03:42:27.528073+00
 ROC, 2022-10-06 11:42:27.528266+08
 Egypt, 2022-10-06 05:42:27.52846+02
 Universal, 2022-10-06 03:42:27.528678+00
